pair,stake_amount,max_stake_amount,amount,open_date,close_date,open_rate,close_rate,fee_open,fee_close,trade_duration,profit_ratio,profit_abs,exit_reason,initial_stop_loss_abs,initial_stop_loss_ratio,stop_loss_abs,stop_loss_ratio,min_rate,max_rate,is_open,enter_tag,leverage,is_short,open_timestamp,close_timestamp,orders,funding_fees,weekday
BTC/USDT:USDT,199.2465,199.2465,0.003,2026-04-02 11:30:00+00:00,2026-04-02 13:45:00+00:00,66415.5,65826.7,0.001,0.001,135,-0.010845689306289617,-2.1631266,exit_signal,63094.8,-0.05,63125.1,-0.05,65676.1,66447.4,False,liquidity_sweep_long,1.0,False,1775129400000,1775137500000,"[{'amount': 0.003, 'safe_price': 66415.5, 'ft_order_side': 'buy', 'order_filled_timestamp': 1775129400000, 'ft_is_entry': True, 'ft_order_tag': 'liquidity_sweep_long', 'cost': 199.44574649999998}, {'amount': 0.003, 'safe_price': 65826.7, 'ft_order_side': 'sell', 'order_filled_timestamp': 1775137500000, 'ft_is_entry': False, 'ft_order_tag': 'exit_signal', 'cost': 197.67758009999997}]",0.0,3
BTC/USDT:USDT,198.6657,198.6657,0.003,2026-04-02 14:30:00+00:00,2026-04-02 20:15:00+00:00,66221.9,66856.8,0.001,0.001,345,-0.011683381263686269,-2.31876603,exit_signal,69532.9,-0.05,69528.0,-0.05,66217.2,67400.0,False,trend_pullback_short,1.0,True,1775140200000,1775160900000,"[{'amount': 0.003, 'safe_price': 66221.9, 'ft_order_side': 'sell', 'order_filled_timestamp': 1775140200000, 'ft_is_entry': True, 'ft_order_tag': 'trend_pullback_short', 'cost': 198.86436569999998}, {'amount': 0.003, 'safe_price': 66856.8, 'ft_order_side': 'buy', 'order_filled_timestamp': 1775160900000, 'ft_is_entry': False, 'ft_order_tag': 'exit_signal', 'cost': 200.77097039999998}]",-0.014829928755847538,3
BTC/USDT:USDT,201.6297,201.6297,0.003,2026-04-04 13:45:00+00:00,2026-04-04 14:45:00+00:00,67209.9,67068.6,0.001,0.001,60,0.00010457579208611422,0.0210645,exit_signal,70570.3,-0.05,70353.8,-0.05,67003.7,67211.1,False,liquidity_sweep_short,1.0,True,1775310300000,1775313900000,"[{'amount': 0.003, 'safe_price': 67209.9, 'ft_order_side': 'sell', 'order_filled_timestamp': 1775310300000, 'ft_is_entry': True, 'ft_order_tag': 'liquidity_sweep_short', 'cost': 201.83132969999997}, {'amount': 0.003, 'safe_price': 67068.6, 'ft_order_side': 'buy', 'order_filled_timestamp': 1775313900000, 'ft_is_entry': False, 'ft_order_tag': 'exit_signal', 'cost': 201.40700579999998}]",0.0,5
BTC/USDT:USDT,202.2324,202.2324,0.003,2026-04-05 15:45:00+00:00,2026-04-05 17:45:00+00:00,67410.8,67277.4,0.001,0.001,120,-2.570408202740114e-07,-5.193e-05,roi,70781.3,-0.05,70488.8,-0.05,67132.2,67428.0,False,liquidity_sweep_short,1.0,True,1775403900000,1775411100000,"[{'amount': 0.003, 'safe_price': 67410.8, 'ft_order_side': 'sell', 'order_filled_timestamp': 1775403900000, 'ft_is_entry': True, 'ft_order_tag': 'liquidity_sweep_short', 'cost': 202.4346324}, {'amount': 0.003, 'safe_price': 67277.4, 'ft_order_side': 'buy', 'order_filled_timestamp': 1775411100000, 'ft_is_entry': False, 'ft_order_tag': 'roi', 'cost': 202.03403219999998}]",0.003812672605620525,6
BTC/USDT:USDT,208.5384,208.5384,0.003,2026-04-06 14:30:00+00:00,2026-04-06 16:30:00+00:00,69512.8,69863.7,0.001,0.001,120,0.0030356524261243964,0.63368315,roi,66037.2,-0.05,66593.2,-0.05,69264.1,70098.1,False,trend_pullback_long,1.0,False,1775485800000,1775493000000,"[{'amount': 0.003, 'safe_price': 69512.8, 'ft_order_side': 'buy', 'order_filled_timestamp': 1775485800000, 'ft_is_entry': True, 'ft_order_tag': 'trend_pullback_long', 'cost': 208.7469384}, {'amount': 0.003, 'safe_price': 69863.7, 'ft_order_side': 'sell', 'order_filled_timestamp': 1775493000000, 'ft_is_entry': False, 'ft_order_tag': 'roi', 'cost': 209.80069109999997}]",-0.0008873509415674006,0
BTC/USDT:USDT,206.091,206.091,0.003,2026-04-07 08:15:00+00:00,2026-04-07 10:15:00+00:00,68697.0,68877.1,0.001,0.001,120,0.0006184173484055575,0.1275777,roi,65262.2,-0.05,65758.1,-0.05,68626.7,69219.0,False,trend_pullback_long,1.0,False,1775549700000,1775556900000,"[{'amount': 0.003, 'safe_price': 68697.0, 'ft_order_side': 'buy', 'order_filled_timestamp': 1775549700000, 'ft_is_entry': True, 'ft_order_tag': 'trend_pullback_long', 'cost': 206.297091}, {'amount': 0.003, 'safe_price': 68877.1, 'ft_order_side': 'sell', 'order_filled_timestamp': 1775556900000, 'ft_is_entry': False, 'ft_order_tag': 'roi', 'cost': 206.83793129999998}]",0.0,1
BTC/USDT:USDT,204.9282,204.9282,0.003,2026-04-07 11:15:00+00:00,2026-04-07 13:15:00+00:00,68309.4,68600.0,0.001,0.001,120,0.002247671080950249,0.4610718,roi,64894.0,-0.05,65183.2,-0.05,68039.8,68613.8,False,liquidity_sweep_long,1.0,False,1775560500000,1775567700000,"[{'amount': 0.003, 'safe_price': 68309.4, 'ft_order_side': 'buy', 'order_filled_timestamp': 1775560500000, 'ft_is_entry': True, 'ft_order_tag': 'liquidity_sweep_long', 'cost': 205.13312819999996}, {'amount': 0.003, 'safe_price': 68600.0, 'ft_order_side': 'sell', 'order_filled_timestamp': 1775567700000, 'ft_is_entry': False, 'ft_order_tag': 'roi', 'cost': 206.0058}]",0.0,1
BTC/USDT:USDT,204.3825,204.3825,0.003,2026-04-07 14:30:00+00:00,2026-04-07 16:30:00+00:00,68127.5,68358.1,0.001,0.001,120,0.0013061942522145818,0.26723021,exit_signal,64721.2,-0.05,65010.3,-0.05,67711.0,68431.8,False,liquidity_sweep_long,1.0,False,1775572200000,1775579400000,"[{'amount': 0.003, 'safe_price': 68127.5, 'ft_order_side': 'buy', 'order_filled_timestamp': 1775572200000, 'ft_is_entry': True, 'ft_order_tag': 'liquidity_sweep_long', 'cost': 204.58688249999997}, {'amount': 0.003, 'safe_price': 68358.1, 'ft_order_side': 'sell', 'order_filled_timestamp': 1775579400000, 'ft_is_entry': False, 'ft_order_tag': 'exit_signal', 'cost': 205.2793743}]",-0.015112994816832835,1
BTC/USDT:USDT,143.3004,214.9506,0.002,2026-04-08 12:00:00+00:00,2026-04-08 17:30:00+00:00,71650.2,71796.5,0.001,0.001,330,0.0036989913477348266,0.79589551,roi,68067.7,-0.05,68561.1,-0.05,70671.6,72858.5,False,trend_pullback_long,1.0,False,1775649600000,1775669400000,"[{'amount': 0.003, 'safe_price': 71650.2, 'ft_order_side': 'buy', 'order_filled_timestamp': 1775649600000, 'ft_is_entry': True, 'ft_order_tag': 'trend_pullback_long', 'cost': 215.1655506}, {'amount': 0.001, 'safe_price': 72590.4, 'ft_order_side': 'sell', 'order_filled_timestamp': 1775654100000, 'ft_is_entry': False, 'ft_order_tag': 'partial_exit', 'cost': 72.6629904}, {'amount': 0.002, 'safe_price': 71796.5, 'ft_order_side': 'sell', 'order_filled_timestamp': 1775669400000, 'ft_is_entry': False, 'ft_order_tag': 'roi', 'cost': 143.73659299999997}]",-0.005770487329493004,2
BTC/USDT:USDT,213.8826,213.8826,0.003,2026-04-09 08:45:00+00:00,2026-04-09 14:45:00+00:00,71294.2,70849.6,0.001,0.001,360,-0.008221673605393458,-1.7602314,time_stop,67729.5,-0.05,67956.4,-0.05,70470.2,71533.0,False,trend_pullback_long,1.0,False,1775724300000,1775745900000,"[{'amount': 0.003, 'safe_price': 71294.2, 'ft_order_side': 'buy', 'order_filled_timestamp': 1775724300000, 'ft_is_entry': True, 'ft_order_tag': 'trend_pullback_long', 'cost': 214.09648259999997}, {'amount': 0.003, 'safe_price': 70849.6, 'ft_order_side': 'sell', 'order_filled_timestamp': 1775745900000, 'ft_is_entry': False, 'ft_order_tag': 'time_stop', 'cost': 212.7613488}]",0.0,3
BTC/USDT:USDT,142.1668,213.2502,0.002,2026-04-09 15:00:00+00:00,2026-04-09 16:30:00+00:00,71083.4,71821.4,0.001,0.001,90,0.00942515324340054,2.0119257299999997,trailing_stop_loss,67529.3,-0.05,71821.4,-0.00689543198644529,70887.8,72377.4,False,trend_pullback_long,1.0,False,1775746800000,1775752200000,"[{'amount': 0.003, 'safe_price': 71083.4, 'ft_order_side': 'buy', 'order_filled_timestamp': 1775746800000, 'ft_is_entry': True, 'ft_order_tag': 'trend_pullback_long', 'cost': 213.46345019999995}, {'amount': 0.001, 'safe_price': 72045.4, 'ft_order_side': 'sell', 'order_filled_timestamp': 1775749500000, 'ft_is_entry': False, 'ft_order_tag': 'partial_exit', 'cost': 72.1174454}, {'amount': 0.002, 'safe_price': 71821.4, 'ft_order_side': 'sell', 'order_filled_timestamp': 1775752200000, 'ft_is_entry': False, 'ft_order_tag': 'trailing_stop_loss', 'cost': 143.78644279999997}]",0.00286412976,3
BTC/USDT:USDT,218.2212,218.2212,0.003,2026-04-10 15:30:00+00:00,2026-04-10 21:30:00+00:00,72740.4,73054.0,0.001,0.001,360,-0.0063436490529275285,-1.38293439,time_stop,76377.4,-0.05,75924.9,-0.05,72309.5,73450.0,False,liquidity_sweep_short,1.0,True,1775835000000,1775856600000,"[{'amount': 0.003, 'safe_price': 72740.4, 'ft_order_side': 'sell', 'order_filled_timestamp': 1775835000000, 'ft_is_entry': True, 'ft_order_tag': 'liquidity_sweep_short', 'cost': 218.43942119999997}, {'amount': 0.003, 'safe_price': 73054.0, 'ft_order_side': 'buy', 'order_filled_timestamp': 1775856600000, 'ft_is_entry': False, 'ft_order_tag': 'time_stop', 'cost': 219.381162}]",-0.004751194077,4
BTC/USDT:USDT,218.4678,218.4678,0.003,2026-04-11 09:30:00+00:00,2026-04-11 12:15:00+00:00,72822.6,72878.5,0.001,0.001,165,-0.001231916858384466,-0.2694033,exit_signal,69181.5,-0.05,69261.0,-0.05,72712.3,72906.3,False,trend_pullback_long,1.0,False,1775899800000,1775909700000,"[{'amount': 0.003, 'safe_price': 72822.6, 'ft_order_side': 'buy', 'order_filled_timestamp': 1775899800000, 'ft_is_entry': True, 'ft_order_tag': 'trend_pullback_long', 'cost': 218.6862678}, {'amount': 0.003, 'safe_price': 72878.5, 'ft_order_side': 'sell', 'order_filled_timestamp': 1775909700000, 'ft_is_entry': False, 'ft_order_tag': 'exit_signal', 'cost': 218.85413549999998}]",0.0,5
BTC/USDT:USDT,212.1429,212.1429,0.003,2026-04-12 15:00:00+00:00,2026-04-12 17:00:00+00:00,70714.3,70890.8,0.001,0.001,120,0.0004963235087835062,0.1053968,roi,67178.6,-0.05,67419.6,-0.05,70566.5,70968.0,False,liquidity_sweep_long,1.0,False,1776006000000,1776013200000,"[{'amount': 0.003, 'safe_price': 70714.3, 'ft_order_side': 'buy', 'order_filled_timestamp': 1776006000000, 'ft_is_entry': True, 'ft_order_tag': 'liquidity_sweep_long', 'cost': 212.3550429}, {'amount': 0.003, 'safe_price': 70890.8, 'ft_order_side': 'sell', 'order_filled_timestamp': 1776013200000, 'ft_is_entry': False, 'ft_order_tag': 'roi', 'cost': 212.88507239999998}]",0.00071210481,6
BTC/USDT:USDT,213.3,213.3,0.003,2026-04-12 18:00:00+00:00,2026-04-12 20:30:00+00:00,71100.0,71242.3,0.001,0.001,150,-5.943423664942652e-07,-0.0001269,roi,67545.0,-0.05,67847.1,-0.05,70920.4,71417.9,False,trend_pullback_long,1.0,False,1776016800000,1776025800000,"[{'amount': 0.003, 'safe_price': 71100.0, 'ft_order_side': 'buy', 'order_filled_timestamp': 1776016800000, 'ft_is_entry': True, 'ft_order_tag': 'trend_pullback_long', 'cost': 213.5133}, {'amount': 0.003, 'safe_price': 71242.3, 'ft_order_side': 'sell', 'order_filled_timestamp': 1776025800000, 'ft_is_entry': False, 'ft_order_tag': 'roi', 'cost': 213.94062689999998}]",0.0,6
BTC/USDT:USDT,213.852,213.852,0.003,2026-04-12 20:45:00+00:00,2026-04-13 02:45:00+00:00,71284.0,71003.0,0.001,0.001,360,-0.005929785662404483,-1.26936462,time_stop,67719.8,-0.05,67852.8,-0.05,70458.2,71423.9,False,trend_pullback_long,1.0,False,1776026700000,1776048300000,"[{'amount': 0.003, 'safe_price': 71284.0, 'ft_order_side': 'buy', 'order_filled_timestamp': 1776026700000, 'ft_is_entry': True, 'ft_order_tag': 'trend_pullback_long', 'cost': 214.06585199999998}, {'amount': 0.003, 'safe_price': 71003.0, 'ft_order_side': 'sell', 'order_filled_timestamp': 1776048300000, 'ft_is_entry': False, 'ft_order_tag': 'time_stop', 'cost': 213.22200899999999}]",0.000496379988,0
BTC/USDT:USDT,212.9253,212.9253,0.003,2026-04-13 06:15:00+00:00,2026-04-13 12:15:00+00:00,70975.1,70928.0,0.001,0.001,360,-0.0026584659753193505,-0.56662072,time_stop,67426.4,-0.05,67514.6,-0.05,70517.3,71068.0,False,trend_pullback_long,1.0,False,1776060900000,1776082500000,"[{'amount': 0.003, 'safe_price': 70975.1, 'ft_order_side': 'buy', 'order_filled_timestamp': 1776060900000, 'ft_is_entry': True, 'ft_order_tag': 'trend_pullback_long', 'cost': 213.1382253}, {'amount': 0.003, 'safe_price': 70928.0, 'ft_order_side': 'sell', 'order_filled_timestamp': 1776082500000, 'ft_is_entry': False, 'ft_order_tag': 'time_stop', 'cost': 212.99678399999996}]",0.0003885827505227065,0
BTC/USDT:USDT,213.129,213.129,0.003,2026-04-13 13:00:00+00:00,2026-04-13 14:15:00+00:00,71043.0,71582.1,0.001,0.001,75,0.005575198417561493,1.1894247,exit_signal,67490.9,-0.05,68150.7,-0.05,70780.0,71737.5,False,trend_pullback_long,1.0,False,1776085200000,1776089700000,"[{'amount': 0.003, 'safe_price': 71043.0, 'ft_order_side': 'buy', 'order_filled_timestamp': 1776085200000, 'ft_is_entry': True, 'ft_order_tag': 'trend_pullback_long', 'cost': 213.34212899999997}, {'amount': 0.003, 'safe_price': 71582.1, 'ft_order_side': 'sell', 'order_filled_timestamp': 1776089700000, 'ft_is_entry': False, 'ft_order_tag': 'exit_signal', 'cost': 214.9610463}]",0.0,0
BTC/USDT:USDT,214.7463,214.7463,0.003,2026-04-13 14:15:00+00:00,2026-04-13 14:45:00+00:00,71582.1,71943.7,0.001,0.001,30,-0.007063657414792685,-1.5153774,exit_signal,75161.2,-0.05,74892.6,-0.05,71326.3,72358.5,False,liquidity_sweep_short,1.0,True,1776089700000,1776091500000,"[{'amount': 0.003, 'safe_price': 71582.1, 'ft_order_side': 'sell', 'order_filled_timestamp': 1776089700000, 'ft_is_entry': True, 'ft_order_tag': 'liquidity_sweep_short', 'cost': 214.9610463}, {'amount': 0.003, 'safe_price': 71943.7, 'ft_order_side': 'buy', 'order_filled_timestamp': 1776091500000, 'ft_is_entry': False, 'ft_order_tag': 'exit_signal', 'cost': 216.04693109999997}]",0.0,0
BTC/USDT:USDT,215.712,215.712,0.003,2026-04-13 15:15:00+00:00,2026-04-13 19:30:00+00:00,71904.0,72806.7,0.001,0.001,255,-0.014635458268311332,-3.15388693,exit_signal,75499.2,-0.05,75180.1,-0.05,71600.1,73134.4,False,liquidity_sweep_short,1.0,True,1776093300000,1776108600000,"[{'amount': 0.003, 'safe_price': 71904.0, 'ft_order_side': 'sell', 'order_filled_timestamp': 1776093300000, 'ft_is_entry': True, 'ft_order_tag': 'liquidity_sweep_short', 'cost': 215.92771199999999}, {'amount': 0.003, 'safe_price': 72806.7, 'ft_order_side': 'buy', 'order_filled_timestamp': 1776108600000, 'ft_is_entry': False, 'ft_order_tag': 'exit_signal', 'cost': 218.63852009999997}]",-0.011654831798999999,0
BTC/USDT:USDT,149.4784,149.4784,0.002,2026-04-14 07:15:00+00:00,2026-04-14 09:15:00+00:00,74739.2,74591.9,0.001,0.001,120,6.167592922602342e-08,9.21e-06,roi,78476.1,-0.05,78140.0,-0.05,74419.1,74873.5,False,liquidity_sweep_short,1.0,True,1776150900000,1776158100000,"[{'amount': 0.002, 'safe_price': 74739.2, 'ft_order_side': 'sell', 'order_filled_timestamp': 1776150900000, 'ft_is_entry': True, 'ft_order_tag': 'liquidity_sweep_short', 'cost': 149.6278784}, {'amount': 0.002, 'safe_price': 74591.9, 'ft_order_side': 'buy', 'order_filled_timestamp': 1776158100000, 'ft_is_entry': False, 'ft_order_tag': 'roi', 'cost': 149.33298379999997}]",0.004071412176,1
BTC/USDT:USDT,150.6512,150.6512,0.002,2026-04-14 14:45:00+00:00,2026-04-14 16:45:00+00:00,75325.6,75154.7,0.001,0.001,120,0.00021899999875615075,0.03295962,roi,79091.8,-0.05,78172.5,-0.05,74450.0,75684.9,False,liquidity_sweep_short,1.0,True,1776177900000,1776185100000,"[{'amount': 0.002, 'safe_price': 75325.6, 'ft_order_side': 'sell', 'order_filled_timestamp': 1776177900000, 'ft_is_entry': True, 'ft_order_tag': 'liquidity_sweep_short', 'cost': 150.8018512}, {'amount': 0.002, 'safe_price': 75154.7, 'ft_order_side': 'buy', 'order_filled_timestamp': 1776185100000, 'ft_is_entry': False, 'ft_order_tag': 'roi', 'cost': 150.4597094}]",-0.007879776532,1
BTC/USDT:USDT,148.9994,148.9994,0.002,2026-04-15 00:15:00+00:00,2026-04-15 06:15:00+00:00,74499.7,73909.3,0.001,0.001,360,-0.009907032230612059,-1.477618,time_stop,70774.8,-0.05,71002.3,-0.05,73822.6,74739.2,False,trend_pullback_long,1.0,False,1776212100000,1776233700000,"[{'amount': 0.002, 'safe_price': 74499.7, 'ft_order_side': 'buy', 'order_filled_timestamp': 1776212100000, 'ft_is_entry': True, 'ft_order_tag': 'trend_pullback_long', 'cost': 149.1483994}, {'amount': 0.002, 'safe_price': 73909.3, 'ft_order_side': 'sell', 'order_filled_timestamp': 1776233700000, 'ft_is_entry': False, 'ft_order_tag': 'time_stop', 'cost': 147.9664186}]",0.0,2
BTC/USDT:USDT,220.6878,220.6878,0.003,2026-04-15 07:45:00+00:00,2026-04-15 09:45:00+00:00,73562.6,73929.3,0.001,0.001,120,0.0030278059329506665,0.66886803,roi,69884.5,-0.05,70446.6,-0.05,73449.0,74154.3,False,liquidity_sweep_long,1.0,False,1776239100000,1776246300000,"[{'amount': 0.003, 'safe_price': 73562.6, 'ft_order_side': 'buy', 'order_filled_timestamp': 1776239100000, 'ft_is_entry': True, 'ft_order_tag': 'liquidity_sweep_long', 'cost': 220.9084878}, {'amount': 0.003, 'safe_price': 73929.3, 'ft_order_side': 'sell', 'order_filled_timestamp': 1776246300000, 'ft_is_entry': False, 'ft_order_tag': 'roi', 'cost': 222.0096879}]",0.01124372826,2
BTC/USDT:USDT,221.268,221.268,0.003,2026-04-16 14:00:00+00:00,2026-04-16 15:45:00+00:00,73756.0,74518.4,0.001,0.001,105,0.008318131242367915,1.8423768,exit_signal,70068.2,-0.05,70703.4,-0.05,73388.0,74880.0,False,liquidity_sweep_long,1.0,False,1776348000000,1776354300000,"[{'amount': 0.003, 'safe_price': 73756.0, 'ft_order_side': 'buy', 'order_filled_timestamp': 1776348000000, 'ft_is_entry': True, 'ft_order_tag': 'liquidity_sweep_long', 'cost': 221.48926799999998}, {'amount': 0.003, 'safe_price': 74518.4, 'ft_order_side': 'sell', 'order_filled_timestamp': 1776354300000, 'ft_is_entry': False, 'ft_order_tag': 'exit_signal', 'cost': 223.77875519999995}]",0.0,3
BTC/USDT:USDT,154.0796,154.0796,0.002,2026-04-17 14:15:00+00:00,2026-04-17 14:45:00+00:00,77039.8,77933.8,0.001,0.001,30,-0.013629625513353144,-2.0979472,exit_signal,80891.7,-0.05,80884.3,-0.05,77032.7,77999.9,False,liquidity_sweep_short,1.0,True,1776435300000,1776437100000,"[{'amount': 0.002, 'safe_price': 77039.8, 'ft_order_side': 'sell', 'order_filled_timestamp': 1776435300000, 'ft_is_entry': True, 'ft_order_tag': 'liquidity_sweep_short', 'cost': 154.2336796}, {'amount': 0.002, 'safe_price': 77933.8, 'ft_order_side': 'buy', 'order_filled_timestamp': 1776437100000, 'ft_is_entry': False, 'ft_order_tag': 'exit_signal', 'cost': 156.0234676}]",0.0,4
BTC/USDT:USDT,154.3186,154.3186,0.002,2026-04-18 05:15:00+00:00,2026-04-18 11:15:00+00:00,77159.3,75905.0,0.001,0.001,360,-0.018150942478534875,-2.80382906,time_stop,73301.4,-0.05,73318.2,-0.05,75870.0,77177.0,False,trend_pullback_long,1.0,False,1776489300000,1776510900000,"[{'amount': 0.002, 'safe_price': 77159.3, 'ft_order_side': 'buy', 'order_filled_timestamp': 1776489300000, 'ft_is_entry': True, 'ft_order_tag': 'trend_pullback_long', 'cost': 154.47291859999999}, {'amount': 0.002, 'safe_price': 75905.0, 'ft_order_side': 'sell', 'order_filled_timestamp': 1776510900000, 'ft_is_entry': False, 'ft_order_tag': 'time_stop', 'cost': 151.96180999999999}]",0.010899544772696517,5
BTC/USDT:USDT,152.9248,152.9248,0.002,2026-04-21 09:00:00+00:00,2026-04-21 11:00:00+00:00,76462.4,76309.6,0.001,0.001,120,3.6655961659623587e-07,5.6e-05,roi,80285.5,-0.05,79908.4,-0.05,76103.3,76844.5,False,liquidity_sweep_short,1.0,True,1776762000000,1776769200000,"[{'amount': 0.002, 'safe_price': 76462.4, 'ft_order_side': 'sell', 'order_filled_timestamp': 1776762000000, 'ft_is_entry': True, 'ft_order_tag': 'liquidity_sweep_short', 'cost': 153.0777248}, {'amount': 0.002, 'safe_price': 76309.6, 'ft_order_side': 'buy', 'order_filled_timestamp': 1776769200000, 'ft_is_entry': False, 'ft_order_tag': 'roi', 'cost': 152.77181919999998}]",0.0,1
BTC/USDT:USDT,156.2856,156.2856,0.002,2026-04-22 12:30:00+00:00,2026-04-22 13:45:00+00:00,78142.8,78564.9,0.001,0.001,75,-0.007414465402917314,-1.1576154,exit_signal,82049.9,-0.05,81963.0,-0.05,78060.0,78799.0,False,liquidity_sweep_short,1.0,True,1776861000000,1776865500000,"[{'amount': 0.002, 'safe_price': 78142.8, 'ft_order_side': 'sell', 'order_filled_timestamp': 1776861000000, 'ft_is_entry': True, 'ft_order_tag': 'liquidity_sweep_short', 'cost': 156.4418856}, {'amount': 0.002, 'safe_price': 78564.9, 'ft_order_side': 'buy', 'order_filled_timestamp': 1776865500000, 'ft_is_entry': False, 'ft_order_tag': 'exit_signal', 'cost': 157.28692979999997}]",0.0,2
BTC/USDT:USDT,157.9168,157.9168,0.002,2026-04-22 14:30:00+00:00,2026-04-22 15:45:00+00:00,78958.4,79240.9,0.001,0.001,75,-0.0055869982223606405,-0.8813986,exit_signal,82906.3,-0.05,82436.6,-0.05,78511.1,79370.0,False,liquidity_sweep_short,1.0,True,1776868200000,1776872700000,"[{'amount': 0.002, 'safe_price': 78958.4, 'ft_order_side': 'sell', 'order_filled_timestamp': 1776868200000, 'ft_is_entry': True, 'ft_order_tag': 'liquidity_sweep_short', 'cost': 158.07471679999998}, {'amount': 0.002, 'safe_price': 79240.9, 'ft_order_side': 'buy', 'order_filled_timestamp': 1776872700000, 'ft_is_entry': False, 'ft_order_tag': 'exit_signal', 'cost': 158.64028179999997}]",0.0,2
BTC/USDT:USDT,158.4686,158.4686,0.002,2026-04-22 16:00:00+00:00,2026-04-22 18:00:00+00:00,79234.3,78869.8,0.001,0.001,120,0.0025999907040693674,0.41160487,roi,83196.0,-0.05,82516.0,-0.05,78586.7,79444.0,False,liquidity_sweep_short,1.0,True,1776873600000,1776880800000,"[{'amount': 0.002, 'safe_price': 79234.3, 'ft_order_side': 'sell', 'order_filled_timestamp': 1776873600000, 'ft_is_entry': True, 'ft_order_tag': 'liquidity_sweep_short', 'cost': 158.6270686}, {'amount': 0.002, 'safe_price': 78869.8, 'ft_order_side': 'buy', 'order_filled_timestamp': 1776880800000, 'ft_is_entry': False, 'ft_order_tag': 'roi', 'cost': 157.89733959999998}]",-0.001186928316,2
BTC/USDT:USDT,155.0838,155.0838,0.002,2026-04-23 09:15:00+00:00,2026-04-23 10:15:00+00:00,77541.9,77166.3,0.001,0.001,60,-0.006832156828481396,-1.0606164,exit_signal,73664.9,-0.05,73843.3,-0.05,76504.6,77729.7,False,liquidity_sweep_long,1.0,False,1776935700000,1776939300000,"[{'amount': 0.002, 'safe_price': 77541.9, 'ft_order_side': 'buy', 'order_filled_timestamp': 1776935700000, 'ft_is_entry': True, 'ft_order_tag': 'liquidity_sweep_long', 'cost': 155.23888379999997}, {'amount': 0.002, 'safe_price': 77166.3, 'ft_order_side': 'sell', 'order_filled_timestamp': 1776939300000, 'ft_is_entry': False, 'ft_order_tag': 'exit_signal', 'cost': 154.4869326}]",0.0,3
BTC/USDT:USDT,155.8316,155.8316,0.002,2026-04-23 18:15:00+00:00,2026-04-23 22:00:00+00:00,77915.8,78071.8,0.001,0.001,225,1.5898716804053076e-07,2.48e-05,roi,74020.1,-0.05,74235.3,-0.05,77543.4,78142.4,False,trend_pullback_long,1.0,False,1776968100000,1776981600000,"[{'amount': 0.002, 'safe_price': 77915.8, 'ft_order_side': 'buy', 'order_filled_timestamp': 1776968100000, 'ft_is_entry': True, 'ft_order_tag': 'trend_pullback_long', 'cost': 155.98743159999998}, {'amount': 0.002, 'safe_price': 78071.8, 'ft_order_side': 'sell', 'order_filled_timestamp': 1776981600000, 'ft_is_entry': False, 'ft_order_tag': 'roi', 'cost': 156.2997436}]",0.0,3
BTC/USDT:USDT,156.7396,156.7396,0.002,2026-04-24 02:00:00+00:00,2026-04-24 06:00:00+00:00,78369.8,77911.1,0.001,0.001,240,-0.007839327565803836,-1.2299618,exit_signal,74451.4,-0.05,74618.7,-0.05,77401.5,78546.0,False,trend_pullback_long,1.0,False,1776996000000,1777010400000,"[{'amount': 0.002, 'safe_price': 78369.8, 'ft_order_side': 'buy', 'order_filled_timestamp': 1776996000000, 'ft_is_entry': True, 'ft_order_tag': 'trend_pullback_long', 'cost': 156.89633959999998}, {'amount': 0.002, 'safe_price': 77911.1, 'ft_order_side': 'sell', 'order_filled_timestamp': 1777010400000, 'ft_is_entry': False, 'ft_order_tag': 'exit_signal', 'cost': 155.9780222}]",0.0,4
BTC/USDT:USDT,156.01,156.01,0.002,2026-04-26 08:45:00+00:00,2026-04-26 09:45:00+00:00,78005.0,77932.3,0.001,0.001,60,-0.0010681446140711572,-0.1664746,exit_signal,81905.2,-0.05,81774.0,-0.05,77880.0,78020.0,False,liquidity_sweep_short,1.0,True,1777193100000,1777196700000,"[{'amount': 0.002, 'safe_price': 78005.0, 'ft_order_side': 'sell', 'order_filled_timestamp': 1777193100000, 'ft_is_entry': True, 'ft_order_tag': 'liquidity_sweep_short', 'cost': 156.16600999999997}, {'amount': 0.002, 'safe_price': 77932.3, 'ft_order_side': 'buy', 'order_filled_timestamp': 1777196700000, 'ft_is_entry': False, 'ft_order_tag': 'exit_signal', 'cost': 156.02046459999997}]",0.0,6
BTC/USDT:USDT,155.624,155.624,0.002,2026-04-27 14:15:00+00:00,2026-04-27 15:15:00+00:00,77812.0,77337.2,0.001,0.001,60,-0.008087697014854778,-1.2598984,exit_signal,73921.4,-0.05,74320.4,-0.05,76524.0,78232.0,False,trend_pullback_long,1.0,False,1777299300000,1777302900000,"[{'amount': 0.002, 'safe_price': 77812.0, 'ft_order_side': 'buy', 'order_filled_timestamp': 1777299300000, 'ft_is_entry': True, 'ft_order_tag': 'trend_pullback_long', 'cost': 155.77962399999998}, {'amount': 0.002, 'safe_price': 77337.2, 'ft_order_side': 'sell', 'order_filled_timestamp': 1777302900000, 'ft_is_entry': False, 'ft_order_tag': 'exit_signal', 'cost': 154.82907439999997}]",0.0,0
BTC/USDT:USDT,153.2198,153.2198,0.002,2026-04-28 07:30:00+00:00,2026-04-28 07:45:00+00:00,76609.9,76806.6,0.001,0.001,15,0.0005644213050827601,0.086567,exit_signal,72779.5,-0.05,73043.6,-0.05,76588.0,76888.0,False,liquidity_sweep_long,1.0,False,1777361400000,1777362300000,"[{'amount': 0.002, 'safe_price': 76609.9, 'ft_order_side': 'buy', 'order_filled_timestamp': 1777361400000, 'ft_is_entry': True, 'ft_order_tag': 'liquidity_sweep_long', 'cost': 153.37301979999998}, {'amount': 0.002, 'safe_price': 76806.6, 'ft_order_side': 'sell', 'order_filled_timestamp': 1777362300000, 'ft_is_entry': False, 'ft_order_tag': 'exit_signal', 'cost': 153.7668132}]",0.0,1
BTC/USDT:USDT,152.523,152.523,0.002,2026-04-28 11:45:00+00:00,2026-04-28 14:30:00+00:00,76261.5,75796.3,0.001,0.001,165,-0.008085877655713024,-1.2345156,exit_signal,72448.5,-0.05,72583.6,-0.05,75635.6,76403.7,False,liquidity_sweep_long,1.0,False,1777376700000,1777386600000,"[{'amount': 0.002, 'safe_price': 76261.5, 'ft_order_side': 'buy', 'order_filled_timestamp': 1777376700000, 'ft_is_entry': True, 'ft_order_tag': 'liquidity_sweep_long', 'cost': 152.67552299999997}, {'amount': 0.002, 'safe_price': 75796.3, 'ft_order_side': 'sell', 'order_filled_timestamp': 1777386600000, 'ft_is_entry': False, 'ft_order_tag': 'exit_signal', 'cost': 151.7441926}]",0.0,1
BTC/USDT:USDT,152.3644,152.3644,0.002,2026-04-29 01:30:00+00:00,2026-04-29 04:45:00+00:00,76182.2,77274.1,0.001,0.001,195,-0.016363440579333532,-2.4907126,exit_signal,79991.3,-0.05,79945.6,-0.05,76138.7,77432.1,False,trend_pullback_short,1.0,True,1777426200000,1777437900000,"[{'amount': 0.002, 'safe_price': 76182.2, 'ft_order_side': 'sell', 'order_filled_timestamp': 1777426200000, 'ft_is_entry': True, 'ft_order_tag': 'trend_pullback_short', 'cost': 152.51676439999997}, {'amount': 0.002, 'safe_price': 77274.1, 'ft_order_side': 'buy', 'order_filled_timestamp': 1777437900000, 'ft_is_entry': False, 'ft_order_tag': 'exit_signal', 'cost': 154.7027482}]",0.0,2
BTC/USDT:USDT,151.7782,151.7782,0.002,2026-04-29 16:00:00+00:00,2026-04-29 18:00:00+00:00,75889.1,76139.3,0.001,0.001,120,0.0012566592338259153,0.19092421,roi,72094.7,-0.05,72409.0,-0.05,74868.0,76220.0,False,liquidity_sweep_long,1.0,False,1777478400000,1777485600000,"[{'amount': 0.002, 'safe_price': 75889.1, 'ft_order_side': 'buy', 'order_filled_timestamp': 1777478400000, 'ft_is_entry': True, 'ft_order_tag': 'liquidity_sweep_long', 'cost': 151.92997820000002}, {'amount': 0.002, 'safe_price': 76139.3, 'ft_order_side': 'sell', 'order_filled_timestamp': 1777485600000, 'ft_is_entry': False, 'ft_order_tag': 'roi', 'cost': 152.4308786}]",-0.005418994003888797,2
BTC/USDT:USDT,151.151,151.151,0.002,2026-04-30 02:45:00+00:00,2026-04-30 04:45:00+00:00,75575.5,75385.2,0.001,0.001,120,0.0005210508521766799,0.0786786,roi,79354.2,-0.05,79131.3,-0.05,75363.2,75950.0,False,trend_pullback_short,1.0,True,1777517100000,1777524300000,"[{'amount': 0.002, 'safe_price': 75575.5, 'ft_order_side': 'sell', 'order_filled_timestamp': 1777517100000, 'ft_is_entry': True, 'ft_order_tag': 'trend_pullback_short', 'cost': 151.30215099999998}, {'amount': 0.002, 'safe_price': 75385.2, 'ft_order_side': 'buy', 'order_filled_timestamp': 1777524300000, 'ft_is_entry': False, 'ft_order_tag': 'roi', 'cost': 150.92117039999997}]",0.0,3
